time,value
0,0.0
1,0.4712244208670638
2,0.34433686443562017
3,0.9146611909023639
4,2.2361266948395953
5,2.016860067406261
6,1.806616245811531
7,3.1737758398290117
8,3.8963442590923454
9,3.460616258421754
10,3.9483501214802823
11,3.541629867949605
12,3.1429578668318294
13,3.345702080847842
14,1.7845381351919185
15,0.16977322816523
16,-0.40963762933689774
17,-1.4138423763061077
18,-1.1016010956936815
19,-1.962821692578113
20,-3.2980460891404095
21,-1.8372845164047829
22,-2.0749462361406485
23,-2.0076855264665205
24,-3.3549030168075915
25,-3.898414325472952
26,-3.7916182013648263
27,-4.8482313058476105
28,-4.494631084609421
29,-5.038917852892306
30,-5.297614947316373
31,-5.813799291646944
32,-4.247125055339093
33,-4.260055379750519
34,-5.226125951209762
35,-4.463014353724516
36,-5.586457181241517
37,-5.387909955227552
38,-7.169879772972373
39,-8.549553672520563
40,-8.338115440994944
41,-7.589624905438858
42,-7.420161721472674
43,-7.528968471389281
44,-7.799849810192343
45,-9.084380161740913
46,-9.755359761287991
47,-10.177566351824444
48,-9.238033351852938
49,-8.926836858045128
50,-10.46971349747704
51,-10.15371604404417
52,-10.513012556769098
53,-11.122000783394283
54,-10.58020166992285
55,-9.68316517528257
56,-8.857482647899793
57,-9.606710463398553
58,-9.88219841335947
59,-9.59673453145721
60,-8.779236151327407
61,-9.188253949267338
62,-9.343545306747002
63,-10.243770369441403
64,-11.25222790299491
65,-10.539109639298909
66,-9.35127409450445
67,-9.417849689849696
68,-8.529142461765941
69,-8.204398229274153
70,-8.765188606347357
71,-8.455152411821384
72,-7.169822312135561
73,-7.202341558731049
74,-5.838999751877333
75,-8.314986587071417
76,-7.33293854256874
77,-7.232228055571094
78,-7.555912355337056
79,-7.461976324666674
80,-9.388238352403139
81,-9.631118127773375
82,-9.259332382914252
83,-7.795609483779341
84,-8.338923808630133
85,-9.150927981001349
86,-9.645838893944031
87,-8.776056714867567
88,-8.464539845520152
89,-8.946599932184254
90,-8.49165311446746
91,-8.407624966518098
92,-7.597148827649372
93,-8.19523696026661
94,-8.472566821732187
95,-8.796095633368724
96,-9.980639316263982
97,-9.721742345306003
98,-9.500503817469326
99,-9.49628879840827
100,-9.684482271545953
101,-10.79751054946486
102,-11.154094254006905
103,-11.438278788615644
104,-12.08914082780787
105,-12.22104917494349
106,-11.898605048159965
107,-10.413568473941224
108,-10.255825588309271
109,-10.031943911929494
110,-10.09465199842648
111,-11.662899935345703
112,-11.68777707655443
113,-11.633759593057007
114,-9.50941612838511
115,-9.715367705278592
116,-9.410629161491617
117,-9.444037478245178
118,-10.515886932822827
119,-9.43907557996921
120,-8.715419595393481
121,-7.9677668193645115
122,-8.816261065462708
123,-7.508992135079188
124,-8.886556384307566
125,-8.281698080557494
126,-6.106170517041745
127,-7.262353901994068
128,-7.913871029900489
129,-7.8046474821720855
130,-8.323560969537537
131,-9.856083535332381
132,-9.78364474919937
133,-10.84250522961194
134,-10.36727206364135
135,-11.253044326594047
136,-9.765616645474182
137,-10.571271541104409
138,-10.89515136004371
139,-10.115044493960156
140,-11.280469298872228
141,-11.058416908523355
142,-9.841057032952174
143,-11.401287069315567
144,-11.207897768662793
145,-10.950441678886481
146,-10.212143437808109
147,-11.364510701152332
148,-12.635944341847285
149,-12.113127751269966
150,-11.826723280864977
151,-11.595479246021483
152,-11.288110887114971
153,-11.87275206545947
154,-11.67492750628028
155,-11.432488997420476
156,-12.009889122529028
157,-10.498727093785668
158,-10.061063200463186
159,-11.127718152946848
160,-10.520584506861512
161,-11.40371222892166
162,-10.684591394776305
163,-9.635745355571
164,-10.39929933494773
165,-9.510692168375435
166,-9.127983279811582
167,-8.39164086163241
168,-6.699255943486833
169,-6.947484329861389
170,-7.672321592011019
171,-8.51260417817268
172,-9.2798576406209
173,-9.35162729257535
174,-9.047697200973673
175,-8.80900581403211
176,-8.116415957489814
177,-8.105469570516497
178,-6.918315485289119
179,-7.151240574091169
180,-4.834957090474214
181,-4.144851823611535
182,-5.052344618636086
183,-6.164769772778357
184,-5.661746191464968
185,-5.8846392714396165
186,-5.206942504294526
187,-4.766388350767555
188,-4.832044450981393
189,-5.565687204902614
190,-6.881348113404438
191,-7.299393173960458
192,-6.524500323616733
193,-6.331220316664961
194,-7.414188103776998
195,-7.257186392369494
196,-6.921281267140901
197,-7.6708729825725435
198,-7.539386720259664
199,-7.491139963280762
200,-8.412516620491335
201,-8.11215350335891
202,-7.652162374128301
203,-6.772670700111725
204,-5.8879220581630864
205,-7.074790822703118
206,-7.931563755273037
207,-7.459217021709368
208,-7.001056037449128
209,-6.552892215847377
210,-3.2705987973924664
211,-2.5136605218708747
212,-1.0936657962182557
213,0.09504706659574347
214,0.888401058451951
215,0.5221402870846709
216,1.351164643786781
217,0.5321052397628175
218,0.2876344565346582
219,-0.18755398258889844
220,-0.11034055848667712
221,1.9755611186278426
222,-0.056916502310788264
223,0.7725573398260099
224,-1.0925834602704658
225,-1.6740197717569987
226,-0.4096482861576072
227,-0.33528403668860757
228,-1.501665585628026
229,-2.2763907581874063
230,-1.5641232692769718
231,-2.305183328818886
232,-2.0910627395817203
233,-2.048133285959458
234,-2.6346102702083174
235,-0.7381265175413225
236,-0.0776186941915189
237,-2.1150209525946186
238,-1.9004108143345557
239,-2.6145451436101874
240,-1.7276188050015637
241,-2.5376650943903907
242,-2.6524812844437804
243,-2.1727617734954485
244,-1.3769459204834291
245,-2.4765762580279596
246,-2.792561755281511
247,-3.2236568843492868
248,-3.7998031896470064
249,-2.2654425497427546
250,-1.8728613882063678
251,-3.0470212972195205
252,-2.161105638055263
253,-0.12144348587546272
254,1.0352100902594945
255,-0.6551956666536807
256,-1.2232162973764886
257,0.18360422313876534
258,-0.6183961674049664
259,-0.1338778758224991
260,0.6699987230302014
261,-0.2689786622721303
262,-0.32877417091479866
263,-3.416726590549345
264,-4.783297118827999
265,-5.113618630182594
266,-6.631248556984694
267,-4.622816983427059
268,-6.495364061445008
269,-7.089366859591445
270,-6.924353662219771
271,-5.233005337292786
272,-6.984384098329315
273,-5.514490403694733
274,-5.5015723434923185
275,-6.65245512658999
276,-6.1190547416373775
277,-5.901509196384528
278,-6.519533612525994
279,-6.45020888872942
280,-6.813626402363351
281,-6.710527402461845
282,-6.132931821406108
283,-4.766628700953155
284,-5.928053542791749
285,-3.8608865316710106
286,-6.068277555244114
287,-6.26088301759924
288,-5.5668015751414925
289,-5.251180210068126
290,-5.909976450578195
291,-6.1221017791036205
292,-6.598956408126215
293,-7.149056804492395
294,-6.376331019610478
295,-6.052747255742494
296,-6.659847655209781
297,-5.880260590236632
298,-5.612087830245413
299,-4.924057942463801
300,-4.389617702668371
301,-5.085655715653774
302,-5.55847366304057
303,-4.93669794033009
304,-4.428772833889915
305,-4.4460060639479355
306,-4.351861425903685
307,-3.3490975740349516
308,-3.841679396338137
309,-3.390886156298178
310,-3.5555790040832203
311,-3.728835363706316
312,-2.8708109525161634
313,-2.1995020260026283
314,-1.5315181592184994
315,-0.45182929627980295
316,-0.433473156176255
317,0.14157676297169025
318,-0.11836512428454371
319,0.14663680883665847
320,0.042388142564524445
321,0.11841762120247017
322,0.5763808983106096
323,-0.054581554429914525
324,1.5870246314477163
325,0.6530436552247508
326,-0.4838707745382135
327,0.6333728421420598
328,1.4128124826122266
329,2.0167075940978263
330,2.607973954899614
331,2.596727388019551
332,1.8070032573950017
333,1.8740423751170538
334,1.29700893052375
335,2.1210886741572135
336,1.9946471717689218
337,1.3074396083668827
338,1.0382341189599518
339,1.375869451662786
340,0.9226941301406351
341,0.26618604685820113
342,0.46312509810325175
343,0.6570019842191869
344,0.2627372320429309
345,-0.10195570967713719
346,0.07671494840662593
347,-1.0237061934022966
348,-2.186947052041075
349,-2.82217870548536
350,-3.0089622455475964
351,-2.7458634954742362
352,-1.5294290911746147
353,-0.766249683494608
354,-0.9085586469697035
355,-0.9248658827163618
356,-1.7566221606098142
357,-1.7723294133123977
358,-2.0096452014130217
359,-1.7501919237925119
360,-2.403555028829426
361,-1.9875133562604492
362,-0.7702627115487797
363,-0.8646230863030672
364,-0.5277895227157599
365,0.03871981119027057
366,-0.2899720591305829
367,-0.10962088378425522
368,-0.09969423769795896
369,-0.024214623796863316
370,-0.6120523224166862
371,-0.5931113889556904
372,-0.21457206409850704
373,0.8873011081769743
374,1.6798807374669804
375,3.492835870055738
376,2.7270873974703322
377,3.5796915867523937
378,3.7571585427207834
379,5.779261250353832
380,4.897122969412813
381,4.004227003692617
382,3.3800949499659154
383,1.249460675654734
384,0.6365456131926253
385,-0.2035924464817105
386,-0.04228328129682324
387,0.3033707537432029
388,2.1129774575513167
389,3.141768431219181
390,2.5249378101107345
391,1.603191314657574
392,2.1017200766633954
393,0.8172914847017392
394,2.6689426765330877
395,3.99317557281978
396,3.4615686144322533
397,1.6201829826248175
398,3.2009907080572964
399,3.0635160051834087
400,4.449837504795729
401,2.6349464450643385
402,1.9092540209428566
403,1.9152908666288975
404,1.965897442757923
405,1.509461321335105
406,2.114505320522781
407,1.106453896714491
408,0.970272281337626
409,1.080112236426685
410,1.53099774182438
411,2.1410292347386424
412,1.1833549257438345
413,-0.1644027166913773
414,1.0470949990483358
415,1.3737183709928777
416,0.6701792407929427
417,2.105560621977917
418,2.220717722779611
419,3.335876291349133
420,3.4013276077824823
421,5.303691759570523
422,7.180883090728336
423,6.889764584238662
424,7.955095794775776
425,8.654770680458256
426,10.083161856828802
427,9.037023990533138
428,9.772660038224497
429,10.869514442397207
430,9.042237962881593
431,7.694434403105152
432,5.35186754797901
433,5.000143311343282
434,5.871873213904381
435,7.621808946807624
436,7.712302386685144
437,9.565003441589184
438,7.886863781235686
439,5.756307334781518
440,5.681668768366368
441,6.159046350060375
442,6.120935625142763
443,3.8683320597143904
444,3.7571233829483117
445,2.2431822972837936
446,3.0374597682737323
447,3.453592271857493
448,2.4465111497764784
449,1.9027071506218174
450,0.8300731422108769
451,0.7662925738075361
452,1.6867896159056048
453,0.7373413624003681
454,1.2240383482980584
455,0.72957136408962
456,0.011550832310209258
457,-0.08463576921749061
458,-0.9794069566448572
459,-1.467651619207005
460,-2.5022664712564326
461,-0.7407571560473114
462,-0.7045650234909137
463,-1.383990151188791
464,-1.1809440589325804
465,-1.2829374132432152
466,-1.4756508787520628
467,-0.9573445084062208
468,-0.32509901112770345
469,-0.7680821706342453
470,-1.242019563142882
471,-1.4662185883482681
472,-3.3027964449290836
473,-4.776936416002679
474,-3.360029467299852
475,-1.5880393187523074
476,-1.8765683069350247
477,-1.2496896516296747
478,-0.9254752410245826
479,2.1201946082243457
480,3.6266136871574024
481,3.456176482091196
482,2.276893444778816
483,0.3374279230772559
484,0.5981643889618815
485,-0.30331246630720654
486,-1.9359470863112
487,-2.7066248928182404
488,-3.937869458077393
489,-2.022850479447015
490,-0.9439915282056695
491,-0.9534730703788632
492,0.6888516689605761
493,0.7789087510413739
494,-0.15856133146053597
495,1.4646019488294657
496,2.0724020454290173
497,0.9578828814858711
498,0.7539580629820561
499,-0.13143034082074656
500,-1.5116997685643847
501,-0.5458118980989844
502,1.4231710795179926
503,-0.19481004125375945
504,0.47898950371233695
505,-0.2603975467064943
506,-0.7912936987043548
507,-1.4064749312792066
508,-2.2707140181199597
509,-2.222799043498169
510,-3.0024544593713083
511,-2.750905408079142
512,-2.795794244327911
513,-3.0011931555708102
514,-3.757985794670307
515,-4.245194942894549
516,-3.6156425731195996
517,-3.197956170335796
518,-4.000315156798095
519,-3.9170107335288846
520,-3.305032459471945
521,-4.669595303603119
522,-4.177348661941114
523,-4.762861748423145
524,-4.265778374013302
525,-4.9187315462691705
526,-6.458828061429347
527,-8.019639853486225
528,-7.969683393185923
529,-7.714713795986087
530,-8.561826797005775
531,-7.9649046638994285
532,-9.482839945274364
533,-9.548857560433357
534,-10.69704582369825
535,-11.332704128909057
536,-11.287708112715773
537,-12.06739337748712
538,-12.415137437775863
539,-11.534264111111952
540,-12.047213005084272
541,-11.31925112360589
542,-12.304125610602737
543,-11.828769579643035
544,-10.566583258461188
545,-12.87542469110176
546,-13.794848605354913
547,-13.149801931614377
548,-13.366706859663585
549,-12.992300780342719
550,-13.574178485997724
551,-13.49311797215322
552,-13.632512103999137
553,-12.625681612121571
554,-12.398683894222156
555,-12.107877111930067
556,-12.452981809970392
557,-12.853160101468102
558,-13.203199029560595
559,-12.888591637312295
560,-13.219755723867657
561,-12.994175440908435
562,-11.400167838685617
563,-10.608448075773644
564,-10.904301716010357
565,-9.85192498601967
566,-10.222529039040756
567,-12.015106687400442
568,-13.043247088991485
569,-14.949117701839743
570,-15.348904095434724
571,-15.329145747281686
572,-13.635466046054775
573,-13.27682866296826
574,-13.504058077024157
575,-12.689031979278683
576,-14.831584284708716
577,-14.561890992900661
578,-13.733280932377188
579,-15.27909546090569
580,-14.019222040512194
581,-13.643900866575196
582,-14.07898655225248
583,-13.447146991701388
584,-11.248509704696062
585,-11.038500746112573
586,-10.769876379806
587,-11.239266287983174
588,-12.070788544157567
589,-11.267883532237118
590,-12.085648152460413
591,-12.017873033980159
592,-12.449868341022423
593,-12.028742022925528
594,-11.742462628081064
595,-10.876184673697951
596,-11.312758806997634
597,-11.53939732165698
598,-12.340152567802326
599,-12.711765915366058
600,-12.402130894319097
601,-11.792591807417459
602,-12.539404304688938
603,-11.822069461533104
604,-10.691252734531227
605,-10.325057951745526
606,-8.70944899123736
607,-9.465170864529863
608,-10.65912436998658
609,-12.418802645509071
610,-10.785022419346488
611,-10.032925497921942
612,-10.094153829459604
613,-9.804406685860782
614,-10.910170188833389
615,-8.47118382336499
616,-8.313425687963123
617,-8.188943967673579
618,-7.414912681403424
619,-6.917387037431996
620,-6.69568130055723
621,-7.441171979799336
622,-7.002145392162355
623,-5.305224826042042
624,-3.934264317392617
625,-2.2492370635365235
626,-2.827345715625527
627,-3.891564259636818
628,-4.025776010810783
629,-3.969702425770572
630,-2.9257055176338658
631,-4.564233798587883
632,-2.9467386116783265
633,-3.1238392706744142
634,-3.573211832051787
635,-4.588708721526705
636,-6.2505799338844605
637,-5.355260166240266
638,-5.277441436913174
639,-6.568588093369845
640,-7.907086555200986
641,-8.2646144438867
642,-6.579198193345694
643,-6.863549293337117
644,-8.416937488319304
645,-8.685650335225743
646,-8.966934421730844
647,-11.607849797022789
648,-11.675763571832873
649,-11.944296489507042
650,-11.185172224517673
651,-9.238267380640046
652,-7.921559494583026
653,-8.235850156003904
654,-9.449425565892954
655,-6.6192514433963385
656,-6.538301082861323
657,-6.520706227090755
658,-6.54901061531163
659,-6.331905401985043
660,-6.480934331500693
661,-7.04148182616117
662,-7.558910318677706
663,-7.588982434552668
664,-8.067219869328312
665,-8.681448246306262
666,-8.590409050916538
667,-8.80162200116322
668,-7.585891859390491
669,-9.91290030575977
670,-8.688700411340728
671,-7.292084273278128
672,-9.656124976322598
673,-10.102787659744475
674,-10.554520590067085
675,-12.16158200833061
676,-13.08229635282895
677,-14.35132986948446
678,-12.34912042281071
679,-11.185947552873152
680,-9.643429510360175
681,-8.7550933604837
682,-10.086746553513109
683,-10.70519138179081
684,-10.157964782064544
685,-11.45726070006646
686,-10.68503552781461
687,-10.936868649225064
688,-11.308828129449337
689,-10.63372761709549
690,-10.220082843451781
691,-10.545080404853808
692,-9.53501660391846
693,-10.507541909095973
694,-9.942354061656237
695,-9.410031803970336
696,-9.682146770767686
697,-9.40433485923735
698,-10.442244885550853
699,-9.637598245450082
700,-9.79999513316037
701,-10.243462013155153
702,-9.368646864227966
703,-9.971632730767537
704,-11.168973608801926
705,-12.579855255327882
706,-11.987245796168633
707,-13.202055137661404
708,-11.475851527477191
709,-13.72984345638455
710,-11.620673060696788
711,-11.339025505306315
712,-11.458774051518269
713,-12.086711909672225
714,-11.64915964884473
715,-11.688280797146207
716,-10.604685713078037
717,-10.4910826316784
718,-10.349083965971465
719,-10.677558696417723
720,-10.7273216441335
721,-10.467750822849231
722,-11.873493202160823
723,-13.107761210993818
724,-12.393740631653198
725,-12.232612675468518
726,-12.398607223622218
727,-12.382600828076814
728,-12.091129688217084
729,-12.53328924756756
730,-13.163856981663638
731,-13.004164873001764
732,-13.783462672965635
733,-13.449719749339756
734,-14.817914457174545
735,-13.895218641967206
736,-13.465132316456582
737,-13.238861252526299
738,-12.39927412411569
739,-10.952651909813243
740,-9.983497388457925
741,-11.753223528884945
742,-13.126937181178757
743,-13.81445017839051
744,-13.786889009512834
745,-13.271104990321868
746,-13.967523582753982
747,-13.791808444379676
748,-14.472161233052699
749,-15.01749560097514
750,-16.248580927156873
751,-17.10689632525542
752,-18.364123427283083
753,-19.315366414779103
754,-18.28807203495401
755,-19.22120313418927
756,-16.64215037674918
757,-16.031338876252708
758,-15.815486895679806
759,-16.75407209270027
760,-16.004829265239795
761,-16.60078528832809
762,-16.479203992767026
763,-14.056075390863908
764,-14.16989117578149
765,-12.898202980801916
766,-13.681612045594376
767,-13.719203894643709
768,-11.927612019168587
769,-12.625738155063154
770,-10.690030343652898
771,-9.8564416597942
772,-10.492614500756007
773,-9.81035407369184
774,-8.80074735323928
775,-8.159333467212857
776,-9.723564080352482
777,-10.49945237162964
778,-10.755615477362186
779,-10.828674721128051
780,-10.249328819370902
781,-10.087379138707863
782,-11.256919133966672
783,-10.906301149698308
784,-10.362689926025947
785,-9.873497672437395
786,-8.947002944470853
787,-8.213466357168329
788,-7.809806581126965
789,-7.86994194976839
790,-9.247625063867234
791,-8.85382889248503
792,-8.669505668651173
793,-8.436909016999397
794,-9.499168681477311
795,-10.445709968229787
796,-9.502039705227968
797,-9.538105803666655
798,-8.94194936524227
799,-8.917462263127634
800,-8.89259790198689
801,-8.131112756412477
802,-8.558186347680428
803,-8.47973367318308
804,-8.84768460402039
805,-9.189910983974956
806,-9.430988458656442
807,-9.260043286453795
808,-9.62360859075548
809,-8.671734016383349
810,-9.393138578038222
811,-9.54635708382393
812,-9.898184131447072
813,-8.754704352735551
814,-8.586726996107975
815,-7.731411888130238
816,-8.994436330765627
817,-8.75000202117283
818,-7.96621172228458
819,-7.893428659899267
820,-6.985297186766988
821,-7.43733489262849
822,-6.232084145040286
823,-4.137266842773622
824,-4.535248514090962
825,-4.997866685850781
826,-3.556117812274479
827,-1.9031381129643676
828,-2.4875541074315493
829,-2.9349315939350373
830,-3.2204813487190385
831,-4.516796289312109
832,-5.440844937496459
833,-6.442378351082906
834,-7.208699461394229
835,-7.242606506892979
836,-7.024820080250815
837,-5.641089199330934
838,-6.603158852119146
839,-5.6511283607844245
840,-5.858488656077253
841,-5.904239395469829
842,-5.306494891002714
843,-6.287461585399294
844,-5.9439379314331395
845,-5.79907918540549
846,-5.384717948821535
847,-5.1456386847182705
848,-3.1622030500026073
849,-3.8048531041283127
850,-4.323402558725138
851,-4.911213418148588
852,-5.422255352743901
853,-5.993506536867843
854,-4.9466126065278155
855,-3.6526421781149034
856,-4.203422987236425
857,-4.982173688045295
858,-4.544766846671801
859,-5.041113480152093
860,-4.485382243286739
861,-4.309923767356305
862,-5.579156219356926
863,-4.176088256692993
864,-2.4215494817324608
865,-3.084788006005733
866,-3.487911154934451
867,-3.204751459872245
868,-2.888703822675473
869,-2.29078870961892
870,-0.4981794155524628
871,-0.6801450073461148
872,-1.457955263022619
873,-2.780926186232996
874,-3.515864154038076
875,-3.5483693073689357
876,-1.8741764029979648
877,-2.411240368517553
878,-2.1885624446709335
879,-2.2041169469953568
880,-1.12951910548159
881,1.2269077110102609
882,0.6098754544498585
883,0.06952940896900905
884,1.1667769984588108
885,1.8831881526536383
886,3.7613649626083676
887,4.422069448585762
888,4.033792035275884
889,4.638848641428053
890,5.734221591044349
891,6.55505734489344
892,7.054166214118468
893,8.065745279537447
894,9.188403464241611
895,10.545098458943473
896,11.211363720163504
897,11.045228175383755
898,11.183900232880356
899,12.274191690388145
900,11.51125262332587
901,11.852339830553463
902,11.50132100711752
903,11.526205383730389
904,12.595537184182296
905,12.76366476084096
906,12.803123667536886
907,11.683573304325517
908,12.337377896343758
909,12.898915470619396
910,14.756016231487745
911,14.442978953665365
912,14.655155882255123
913,14.885670552618677
914,16.28670611625183
915,16.194937121691133
916,16.45107942992054
917,16.988214725648273
918,17.15019378887733
919,16.77524792068411
920,16.93510583249628
921,17.797523980180504
922,16.944482341709936
923,17.057719617609873
924,16.479764306615074
925,17.464191144894823
926,16.154100942666908
927,15.634739928292895
928,15.975847209697815
929,17.345856448240497
930,17.283468157416888
931,16.780508566834683
932,18.443851445543512
933,16.994291484395017
934,14.675795101092923
935,15.219530461641169
936,14.635943202723375
937,13.51027115349844
938,14.285819309673697
939,14.543731756884675
940,13.979105174427389
941,12.74214603249349
942,13.614496502217373
943,14.256816150584513
944,14.161587678521279
945,15.852537656391716
946,14.752521713073051
947,13.177175784538296
948,12.41882506923254
949,12.370612997286525
950,12.613350388550911
951,12.38424744862514
952,12.704366203098125
953,11.604942256726853
954,12.926774068103585
955,12.846901218586158
956,13.881157467976925
957,14.204932718546264
958,14.619663899562152
959,15.121825451632832
960,15.50868084350851
961,16.05111417519687
962,17.162559392045026
963,17.336447129037207
964,17.941955578858575
965,17.865804178360392
966,19.0504728622399
967,18.452446267772242
968,20.023635174236674
969,19.98437543332634
970,18.653856683847412
971,18.779949556815776
972,18.14227880856907
973,18.913654872156233
974,18.3179780395855
975,17.91841077943748
976,16.27382232707589
977,15.826863558330174
978,13.525872378937759
979,11.685275055297616
980,12.622498093556272
981,13.553303095024075
982,14.040100102694279
983,12.993707515377496
984,12.942625257173118
985,12.938991694242574
986,11.831653635147532
987,13.29982903584886
988,14.210980170878843
989,13.985009850669096
990,14.011101118353295
991,14.203613583987826
992,12.392914698225988
993,12.13878366565886
994,11.473332330256804
995,10.51996847727307
996,10.25098293355703
997,11.89835944243691
998,12.55289721664939
999,11.988209558907421
1000,12.53556002626892
1001,13.834026716169713
1002,14.738753902065287
1003,14.796806369579256
1004,14.197364738673299
1005,14.830703777252637
1006,15.182281589349959
1007,15.958073554684757
1008,16.51217091141709
1009,17.414731028037384
1010,16.94412896163934
1011,18.07785497937849
1012,18.256899738823765
1013,20.066091281998844
1014,19.364834106190436
1015,21.081105770409717
1016,21.295773930026414
1017,20.629599781399037
1018,20.150324833922813
1019,19.84510312158454
1020,20.23282735059657
1021,20.69561084687947
1022,20.199369453311633
1023,20.178658259143322
1024,21.943386876184018
1025,23.630992766874535
1026,24.09853962432691
1027,24.13730414349415
1028,24.25321438689267
1029,24.817968630476457
1030,23.89758191731495
1031,23.662743216719406
1032,22.19710197374806
1033,22.58252154713057
1034,23.182877184146335
1035,22.744151763846183
1036,24.13318548185751
1037,22.96004522417376
1038,21.517499875933296
1039,21.7512338934296
1040,22.78409927201649
1041,24.45541810438744
1042,23.959611742415852
1043,25.069394769731158
1044,25.029562032352853
1045,24.860764029618956
1046,25.683921126598314
1047,26.289549280044753
1048,24.856638990359393
1049,26.308101544817507
1050,27.744809436512554
1051,27.067178234974143
1052,27.47939127731633
1053,27.96962780801994
1054,28.21853972128258
1055,27.715490104689618
1056,27.11710021718596
1057,27.09466415721263
1058,28.087498760697372
1059,28.56511263208925
1060,28.2462164126753
1061,28.893005361119766
1062,26.503263165633804
1063,27.77944640052508
1064,25.834252315116164
1065,25.393544880350124
1066,24.11582749801311
1067,22.636802087100385
1068,23.991933705172357
1069,23.443731213029324
1070,23.827889344920425
1071,23.778721695688866
1072,24.250655192463576
1073,24.32374643921359
1074,23.158607762581326
1075,24.10140038924088
1076,23.631601638487254
1077,22.199613897650536
1078,21.775344438180912
1079,23.2020077925464
1080,24.063417439993035
1081,23.715568955305812
1082,23.38268842017049
1083,23.088288879649095
1084,24.921150640286566
1085,25.314205227202578
1086,25.736151999519123
1087,26.707010254373944
1088,26.93412779793497
1089,26.698290703672292
1090,26.52614515063785
1091,26.465478724945548
1092,26.43490485808281
1093,27.016933433068925
1094,27.058676200995603
1095,27.634052556863626
1096,27.57016289005923
1097,27.63115587960098
1098,26.107179548237852
1099,26.925531510200987
1100,27.236414990952017
1101,28.102844819947915
1102,25.548177097619877
1103,27.997062468030684
1104,27.809796442422794
1105,29.186490136719424
1106,27.902649417384776
1107,28.64916872548617
1108,27.428360793811546
1109,26.71075947660151
1110,28.816440119865163
1111,28.582000357212628
1112,28.831318087032475
1113,29.767620438820753
1114,30.290818163032874
1115,30.44263372889308
1116,30.792164636431608
1117,33.00278597304536
1118,32.93796839594408
1119,33.15010726680412
1120,34.197998584567394
1121,35.3066186296294
1122,36.50979440816253
1123,37.16947432150527
1124,36.028267212944954
1125,37.684183953386515
1126,36.43031965186019
1127,36.763812903510726
1128,35.97901046356538
1129,35.91399125894697
1130,36.229765387734844
1131,36.52569497587141
1132,36.90003284532778
1133,38.29170781766542
1134,38.7192518400868
1135,38.49691952745517
1136,39.341977336336896
1137,40.396565905979514
1138,39.27139910896045
1139,39.83771879829995
1140,40.484546548594174
1141,40.21465875188302
1142,41.41821897216729
1143,41.27929235416712
1144,41.390742108660014
1145,41.24273033190504
1146,41.25564582586968
1147,40.3719032993764
1148,39.16881060093488
1149,40.59776347777541
1150,39.77368622853844
1151,38.820059614975804
1152,36.74212020942135
1153,36.02014874219048
1154,34.5868767761219
1155,36.41845403430212
1156,37.62637476064868
1157,36.81488816026568
1158,39.3615507045384
1159,40.66814785692547
1160,40.24615693788904
1161,37.21790016214873
1162,40.60926562272823
1163,38.20115120052014
1164,35.31231479951681
1165,37.197991330943545
1166,41.54596270770518
1167,44.49264140246753
1168,45.70121406160232
1169,46.87887658774998
1170,48.446763684674835
1171,49.7713153456719
1172,50.234409348024904
1173,50.392137876278724
1174,50.30505686191694
1175,49.33681836707215
1176,48.99156787641179
1177,47.044755095832286
1178,46.922841209582494
1179,45.782306698453716
1180,44.52649422937035
1181,44.73110139723766
1182,46.21675623256939
1183,47.23603994200166
1184,45.523199225468794
1185,44.375500360746834
1186,45.451314636623366
1187,44.34764673009962
1188,44.09838252340835
1189,44.672988759679306
1190,43.70172679615189
1191,43.80705818578156
1192,42.54118132910723
1193,41.94567666668265
1194,42.25239064742434
1195,40.78773794782746
1196,41.226183578968154
1197,41.207431076593174
1198,41.71063115608628
1199,41.9095175646518
1200,43.07911366853169
1201,43.19284656523715
1202,42.818203638157684
1203,42.922192274052904
1204,43.37003567011155
1205,43.40983907693304
1206,43.44208508522268
1207,42.89608170347812
1208,42.37673784335866
1209,41.27411180975753
1210,42.754521614473866
1211,41.57978422885623
1212,40.90387166860933
1213,40.21971220767503
1214,41.055568959190865
1215,40.780814811383486
1216,41.898046330652875
1217,41.27122324584911
1218,41.52574553327376
1219,40.79164236705687
1220,42.676107458297665
1221,41.44621242638596
1222,41.77252046591574
1223,42.405681764741466
1224,42.80656233690606
1225,42.63404576158181
1226,42.518185193582084
1227,42.55583602160312
1228,42.43364093368641
1229,43.21329430447738
1230,45.04176313001063
1231,44.489398110890384
1232,43.17848552253763
1233,43.09000326429619
1234,45.543326613239216
1235,44.58381456664442
1236,46.475838185592515
1237,48.54689313957244
1238,47.81497483828472
1239,48.523810584927034
1240,50.44493706611386
1241,49.967996420265294
1242,49.728083418683056
1243,49.086442737991916
1244,48.01511769257283
1245,47.33215520520467
1246,46.08890291288362
1247,46.124323697207096
1248,45.36828390042582
1249,45.59355309424783
1250,44.16090434337339
1251,44.48904803980287
1252,45.278743510476296
1253,43.40799284360719
1254,43.80987616344724
1255,45.06162016566889
1256,43.79966220592207
1257,45.57759185770753
1258,46.05901963418817
1259,45.2934312589421
1260,45.234887139071546
1261,45.78814904235584
1262,45.86089858613285
1263,46.352750044735124
1264,45.53394135885749
1265,45.685404417753
1266,44.467521469992896
1267,44.36545748832567
1268,43.56987886347349
1269,42.91901487400778
1270,44.00282851237656
1271,44.99855310602722
1272,45.56513128620145
1273,44.57346056437866
1274,44.28042572109084
1275,45.36189259485591
1276,45.49276134897554
1277,47.54628294341473
1278,47.96785542088211
1279,48.16341003026253
1280,47.86478117958878
1281,47.988301424223835
1282,47.853129429465994
1283,48.4583873986212
1284,49.27080500451093
1285,48.593350085765366
1286,47.448017404338295
1287,45.78187271498217
1288,46.298997264149925
1289,45.22030929719714
1290,43.0880015139755
1291,43.53772143011345
1292,46.25930140419247
1293,46.251169718947885
1294,47.29012327792954
1295,47.38818849615979
1296,47.27763034303919
1297,48.24207087947275
1298,47.941256688792734
1299,48.20436289706879
1300,48.50639605576887
1301,47.9035180427235
1302,48.78403153716061
1303,48.6267852392139
1304,47.97286524261714
1305,48.434920853837866
1306,47.675348063566005
1307,47.699417279619524
1308,47.69187750522348
1309,48.56527212217189
1310,48.96067353967901
1311,48.94017765119239
1312,49.59264471127244
1313,50.715052947635535
1314,51.1973101063894
1315,51.20610203585734
1316,50.126735925127
1317,49.19935875864281
1318,48.92764447546694
1319,48.40283964961836
1320,48.244119589793144
1321,48.290800813993755
1322,48.71569165523015
1323,48.659610615683505
1324,49.038506821705255
1325,49.08843192756428
1326,47.584050957663756
1327,46.749013503337466
1328,46.61998170640187
1329,45.57710489261097
1330,46.11481347490123
1331,47.45941753361442
1332,48.61438869498709
1333,48.40614866757292
1334,49.79325346471194
1335,49.940805771378706
1336,49.62276008910734
1337,49.066524671744595
1338,48.79789255333977
1339,48.46436871237145
1340,48.607123375902695
1341,48.73791059069747
1342,48.740332964635876
1343,49.08045773506637
1344,49.999902065289874
1345,50.77225819491226
1346,49.53976274427426
1347,47.25111386442742
1348,48.30247601506735
1349,46.79053129102949
1350,46.53352942578534
1351,45.277339441499585
1352,43.32002762470503
1353,43.966836968503614
1354,44.82686755990065
1355,44.19514886128672
1356,41.47706783147843
1357,40.76084833379086
1358,41.24494926924967
1359,39.529960002225934
1360,39.75226536097007
1361,39.73493835318551
1362,40.3492951214458
1363,40.47109843899374
1364,39.5319465601126
1365,40.68798780969881
1366,40.53102225164919
1367,40.50531018183139
1368,39.665643193054684
1369,39.26470399217677
1370,38.48802051163906
1371,38.33559666230115
1372,39.79178474710264
1373,38.4967865646238
1374,36.899013159077214
1375,38.469592925972144
1376,38.23477322740281
1377,37.529142322499226
1378,38.58943925992553
1379,37.97061213825711
1380,39.77233845714629
1381,40.51604676804625
1382,40.00012836235329
1383,42.180073152983866
1384,41.4654084019546
1385,42.2999766521184
1386,42.62529122751882
1387,43.96282170060867
1388,45.617944598254205
1389,45.65405029161348
1390,44.85730589221848
1391,45.33045971897922
1392,44.663367239667714
1393,46.594139994930856
1394,46.74423469090337
1395,46.366512813647674
1396,46.54835482958204
1397,45.285424297373645
1398,44.3321407187154
1399,45.508897916813574
1400,44.84962504607413
1401,43.829615583684316
1402,44.35637147035574
1403,45.48029912434834
1404,46.17925013030346
1405,47.126783230553656
1406,46.40336136204743
1407,45.067061516273185
1408,46.55727101763635
1409,46.21726672482363
1410,45.96646265604384
1411,47.23076509160272
1412,47.78273210686716
1413,48.21958850325421
1414,50.2199444337856
1415,49.519989846270335
1416,50.49110925446216
1417,50.55010283205276
1418,50.81284212717199
1419,52.24048150894245
1420,52.74876116881538
1421,53.267102562271305
1422,54.26669722861301
1423,53.92146603992917
1424,53.15792690353772
1425,52.2115042433924
1426,50.40288547171721
1427,52.56328199823648
1428,51.23490807503552
1429,50.96974094233571
1430,50.6594991813042
1431,50.9840296030796
1432,51.800639361231326
1433,52.647407135503165
1434,52.080165512968705
1435,51.9225641586403
1436,52.17750286320048
1437,51.961034975670195
1438,53.316173815807986
1439,53.769437648761496
1440,54.427705482435925
1441,55.01510512990449
1442,56.03992234112317
1443,56.20336126461318
1444,55.07667584142592
1445,55.440982239712035
1446,54.86649274966717
1447,54.407074298983716
1448,54.90647207229128
1449,55.94636038849819
1450,55.96505427251022
1451,56.226724315753295
1452,57.631606205549225
1453,57.85256194469779
1454,60.14842264966414
1455,60.780700620007174
1456,58.9006894926758
1457,59.78099559783301
1458,60.2105178481004
1459,61.584178729414425
1460,62.32043494632104
1461,62.174487280281745
1462,60.95568236765352
1463,60.74237768410691
1464,59.91879524821302
1465,59.36259576851385
1466,59.91010030134052
1467,61.424305270381275
1468,61.81641390376059
1469,60.678740823933616
1470,61.11287089768054
1471,62.23643256995058
1472,61.64789844201486
1473,61.52218960211413
1474,61.53537190895206
1475,60.85817778195529
1476,61.41636563634022
1477,61.313435047466974
1478,61.65950788864251
1479,60.94050429966724
1480,60.58062374050813
1481,61.164980848114645
1482,60.86263095582996
1483,62.23907251715826
1484,61.88214923747497
1485,62.07684485192819
1486,62.859603237657716
1487,61.652024180729455
1488,60.05199875944986
1489,58.51374758377041
1490,59.86765036620368
1491,59.26231125643813
1492,61.94441457766974
1493,61.20899861252288
1494,61.43600983612044
1495,63.20481286146388
1496,65.63322710414873
1497,68.44625825492429
1498,70.31079460668053
1499,71.88144897298275
1500,72.76600321976935
1501,73.85602172004238
1502,73.1190563421038
1503,72.08913804510665
1504,72.08504164262135
1505,71.892580230193
1506,71.41146462428053
1507,72.11637440482154
1508,73.05694516225675
1509,73.14374521805092
1510,74.52342690661283
1511,73.38866499644432
1512,73.19316580552875
1513,72.50595264841715
1514,70.75249937431946
1515,70.66525417166751
1516,70.5440233670481
1517,71.97556891396133
1518,72.6128720454832
1519,71.61086068510245
1520,73.43328831924734
1521,74.7736653142137
1522,75.42282477756446
1523,75.18131474459206
1524,74.21446612215853
1525,73.84116600689481
1526,74.88468604979415
1527,76.7155566564209
1528,78.39921653423774
1529,77.83424647057059
1530,76.60753259242682
1531,76.76256186981601
1532,74.93234828736144
1533,75.29965718023165
1534,75.14158043611863
1535,74.67089134110182
1536,73.12624391116415
1537,73.66225147750376
1538,73.12953510858671
1539,72.00226373628614
1540,69.173684279718
1541,69.13806403117172
1542,71.2654134511534
1543,73.43478083406505
1544,72.7989689776777
1545,72.01649028698287
1546,72.59288373374422
1547,71.43600178303991
1548,71.78115516080848
1549,72.60564987353752
1550,73.88932475330358
1551,73.78236658114793
1552,73.57731916951863
1553,72.73746473135193
1554,71.95190181635436
1555,71.73899241198869
1556,72.06993569497708
1557,72.86647725308073
1558,72.16096060661049
1559,73.46827977799859
1560,73.21328662627569
1561,73.19400695378162
1562,72.54632014226648
1563,70.45664397617973
1564,71.39685402870057
1565,72.16729779367704
1566,71.88123022141932
1567,71.94601992760481
1568,72.4213325868144
1569,71.02238369798944
1570,70.51027903692011
1571,71.25358121260409
1572,70.09318903580329
1573,70.37466147901019
1574,69.12881396604261
1575,69.57860827487475
1576,69.54547542684534
1577,68.1085919806473
1578,69.2376256515017
1579,68.51072336732658
1580,67.72675296915155
1581,67.9181262254453
1582,68.96583545962858
1583,68.01542693149406
1584,68.07363564819899
1585,68.4602440788098
1586,69.0665473031221
1587,69.21924100906342
1588,68.91184022682347
1589,68.23411044614635
1590,68.30527358940995
1591,67.44324815413542
1592,65.01400445979968
1593,65.50078340217101
1594,66.45670708088198
1595,63.99420998701482
1596,62.72691659563763
1597,63.490458335626
1598,65.90302214496096
1599,65.9307799029959
1600,65.03156574979366
1601,64.8150521344498
1602,66.33725961055382
1603,65.59725604121562
1604,64.7200929724701
1605,64.20451565405956
1606,63.23272499074755
1607,63.356963023195696
1608,64.9170960215942
1609,65.25302065772468
1610,65.00369286418614
1611,64.72884018365603
1612,63.315666927086525
1613,64.17801075447318
1614,64.1026579667437
1615,63.93623297895586
1616,66.76176497226109
1617,67.13067096607062
1618,66.26254498171974
1619,65.78736935539489
1620,67.00074327884528
1621,67.12169580907883
1622,65.67363027611609
1623,66.64671758025551
1624,65.94877671960975
1625,67.842251162182
1626,69.06220378147306
1627,68.5581951080803
1628,69.92655175402102
1629,70.00088521536827
1630,70.87911401615096
1631,71.37001246175322
1632,70.54744305357623
1633,69.92905721724877
1634,70.89354295623968
1635,70.57691140877051
1636,70.21013278169544
1637,69.36985235752395
1638,69.74630584427639
1639,71.52774149007695
1640,70.45267940992109
1641,70.47722245929117
1642,71.83293978874451
1643,71.75246409260764
1644,72.18577314903392
1645,71.20469831079146
1646,71.60613636298135
1647,71.4367847000915
1648,72.29498168099327
1649,73.3436758978914
1650,75.70856379323662
1651,76.37614228806667
1652,76.73388741423754
1653,76.9356535778185
1654,76.58854560942243
1655,76.90694304388163
1656,76.63977092584659
1657,76.78678089187086
1658,77.89809946374093
1659,77.0019826225485
1660,78.03065496558135
1661,79.25020356764563
1662,79.1360612656199
1663,77.1809801457968
1664,76.5259354418696
1665,77.86883776914446
1666,77.84444306871957
1667,76.83993876250622
1668,76.33283370170155
1669,77.14485633685939
1670,77.66710363831675
1671,77.4458854753581
1672,77.11970654191062
1673,76.78198115751813
1674,76.00696655928088
1675,77.38224025365939
1676,77.08177340733448
1677,78.17330345630745
1678,79.58618194918446
1679,80.57930865556062
1680,80.14977749960597
1681,80.53506464040433
1682,80.51284385293701
1683,79.71738678764832
1684,80.00442293458869
1685,78.99379686494494
1686,80.04937293319487
1687,79.62269422979585
1688,79.80181565383758
1689,80.0451005617057
1690,79.82911491119893
1691,80.30625729539628
1692,79.92281936253232
1693,80.6177958393429
1694,79.52657613856539
1695,79.63565104197995
1696,81.25451955649683
1697,80.2951611390271
1698,79.64232558621535
1699,80.12575273972055
1700,80.28948621800545
1701,80.59670494111481
1702,81.01283214308818
1703,81.54243522995121
1704,82.46088113082749
1705,82.81159618882295
1706,82.61000681195081
1707,83.15748970784827
1708,84.70103809165445
1709,84.5775884282328
1710,83.70890639912962
1711,84.7059654096477
1712,84.59509012293866
1713,82.67639536112411
1714,83.5619563399478
1715,83.01287234809747
1716,82.9236251182593
1717,83.2347368250114
1718,83.4064258296518
1719,84.02195769234744
1720,83.6473143104505
1721,84.07847925873827
1722,83.863904748266
1723,84.46018824515356
1724,84.95885066109128
1725,84.20456054553114
1726,85.09814263556552
1727,84.6428914820509
1728,85.31795560553559
1729,85.62610650769783
1730,87.13366477643578
1731,86.92578495685876
1732,86.61400775403581
1733,86.59722338962254
1734,86.34399299635349
1735,86.99609252453055
1736,85.66900127690224
1737,84.71751299171434
1738,83.73718028784349
1739,84.62377586847735
1740,86.22384537396952
1741,86.11651307488312
1742,85.9523192270003
1743,86.01726164989789
1744,87.04863470337821
1745,86.2003473765025
1746,86.41899281978604
1747,87.27908607635509
1748,87.72623234402482
1749,87.89118035934995
1750,88.73368358989855
1751,86.41197945933952
1752,87.16351866743847
1753,86.46521872517084
1754,84.57993263793615
1755,85.16366940015185
1756,86.65407546430565
1757,86.4995516642413
1758,87.50505014098384
1759,89.18978842238424
1760,90.66422820566704
1761,92.55074632858317
1762,93.46405240645663
1763,93.55314814343402
1764,91.7860278830354
1765,91.49637083656877
1766,90.5661314997467
1767,92.90442050821984
1768,92.68369617720202
1769,92.82762717206374
1770,93.43020469363941
1771,93.47575637106712
1772,95.14805433159086
1773,94.47792479019573
1774,94.67937569070843
1775,93.95140906993845
1776,92.68388275530174
1777,92.07263483931008
1778,92.0368028163833
1779,91.64125530911024
1780,91.02395571596176
1781,89.78676665195411
1782,89.7091524099202
1783,88.36465904336254
1784,89.09346690209493
1785,89.1711830485139
1786,87.85812885817158
1787,87.56127938008164
1788,86.86940361877186
1789,87.15926918725657
1790,88.33415262223905
1791,86.60267219946307
1792,86.72231558343434
1793,86.5648514828609
1794,87.19320458762274
1795,87.38863883956256
1796,86.72619301162015
1797,86.44718242356785
1798,85.7719311034848
1799,86.68575011597889
1800,86.70433543969561
1801,88.30455112975181
1802,88.24627807608229
1803,87.59755416682817
1804,86.23272126401766
1805,84.48763252704482
1806,82.78599349585956
1807,83.09204171020474
1808,83.6398319510235
1809,82.01374852245729
1810,82.99848851599182
1811,82.4770151337068
1812,82.6281108393004
1813,84.19940027624794
1814,85.14291179153605
1815,84.86456410709528
1816,83.98805931043063
1817,81.88998487874976
1818,81.06979340861935
1819,80.83775596717327
1820,79.81581336233626
1821,79.68056313696594
1822,79.75551822693963
1823,79.54680641150738
1824,78.96775533772427
1825,79.11559660553895
1826,79.48979168719488
1827,78.58565754307192
1828,79.79262243258313
1829,79.70274511524188
1830,79.71923917277583
1831,80.31707222391405
1832,80.51300154671394
1833,81.29229138122219
1834,81.53174542590193
1835,81.03339157287932
1836,81.32586348314108
1837,80.41647923698412
1838,80.50655459228892
1839,80.47973129509533
1840,80.31568407304117
1841,80.21613957497411
1842,78.78198308176874
1843,78.30037976780052
1844,78.38021817319593
1845,78.5132159777746
1846,77.68116367258612
1847,78.73531782236041
1848,77.97720684565965
1849,78.82807300240577
1850,79.20744585831525
1851,78.64954981842122
1852,80.16364275515366
1853,79.02426973865286
1854,79.92425873374442
1855,80.89847061420406
1856,80.24369783732622
1857,81.56874389495601
1858,81.31869955616605
1859,81.59352592849287
1860,81.83105353565168
1861,81.71306983783343
1862,82.40045808696911
1863,83.07480074476132
1864,81.5877635545993
1865,82.82498971564368
1866,81.18520970880105
1867,82.29113316684443
1868,83.49415132889364
1869,82.32078404109467
1870,81.87773437105197
1871,80.74466908642587
1872,80.522512516586
1873,80.22074773407313
1874,80.95083327470542
1875,82.16228468032509
1876,83.5086687925723
1877,82.93930707058699
1878,82.73505867815524
1879,81.16793261950608
1880,80.34655366958134
1881,81.31070768462662
1882,82.91965530705413
1883,81.59463279694253
1884,80.94631897279415
1885,80.91862480275365
1886,81.19597726244116
1887,80.43145585103083
1888,80.82741061861566
1889,80.40012779782224
1890,80.38745608167405
1891,80.84939271609079
1892,80.85474045324132
1893,80.50164621547201
1894,80.41421739553407
1895,80.34521819959512
1896,80.06142400605479
1897,79.86455673986387
1898,81.0681293928536
1899,81.536860972862
1900,81.29309098843761
1901,81.85518230530462
1902,81.5856462698968
1903,82.51591278177216
1904,82.82287068093949
1905,82.73562546691136
1906,83.09088829222354
1907,81.85764206435023
1908,80.88498890816582
1909,79.82331464215983
1910,79.9547367765462
1911,81.48285711035291
1912,83.66438942868774
1913,84.40315762397113
1914,84.9579597701495
1915,83.0583440007718
1916,82.42762598517727
1917,81.55733892174175
1918,80.89095227960858
1919,80.71734259068967
1920,80.25578603192277
1921,78.3927190801553
1922,79.1968189256256
1923,78.07716131796214
1924,78.32772791344419
1925,80.38491231721382
1926,79.33254095453445
1927,76.49351432919882
1928,76.09792327525486
1929,77.51048741697224
1930,80.0003368287641
1931,78.25580218798527
1932,78.96083984944893
1933,78.34326066292961
1934,78.21146688630839
1935,81.27211981517665
1936,79.08971455429271
1937,79.47142834475082
1938,80.12033146261201
1939,81.52856413582296
1940,81.65419740019671
1941,82.02086715772525
1942,81.58353779830601
1943,81.8679259835837
1944,81.52449517835907
1945,82.11838326406246
1946,81.77450740656089
1947,82.11270186479071
1948,82.08727722935134
1949,83.0320647858941
1950,82.98748427560692
1951,81.50178462071639
1952,82.68721782206046
1953,81.80605424355346
1954,81.1739489823553
1955,80.61269140624958
1956,81.87370238766889
1957,79.81145324138018
1958,83.34922027801294
1959,84.97450474946743
1960,85.31003233033132
1961,85.23399949020877
1962,85.59916786659814
1963,86.22050916087767
1964,86.94931597863533
1965,87.55127757292433
1966,87.64416983409477
1967,87.45070728558538
1968,87.30939615875421
1969,87.13505423220198
1970,88.11241258089386
1971,88.6399830668857
1972,86.07687006835523
1973,86.84313294306247
1974,87.06090528004539
1975,87.0412369767118
1976,86.65579907115573
1977,87.72354059930025
1978,88.64013881034084
1979,87.89374466786745
1980,88.28029947793586
1981,87.39167085393301
1982,86.12115758666003
1983,85.51356814972463
1984,86.32661300003997
1985,87.21928326477273
1986,87.70098816692187
1987,88.36092085232788
1988,88.82439691170485
1989,88.26279475835561
1990,88.63552844380784
1991,89.30980341559297
1992,89.94680755733154
1993,90.94940121353879
1994,91.57070281752713
1995,91.87590494043977
1996,92.77929650763186
1997,92.75630219948134
1998,92.017722959887
1999,91.87977091653492
